Name,Action,Company Hook (examples),Ethics/Integrity Check,How to Answer if Probed,Notes,Result,Scenario Type,Situation,Task,Traits (tag)
Tell me about a time you took ownership of a broken system,Instrumented SLIs/SLOs; created incident taxonomy; fixed top 2 root causes; added alerts + runbook; partnered with PM to tradeoff tech debt sprint.,Amazon: Ownership + Dive Deep; Microsoft: customer obsessed + growth mindset.,Call out customer impact first; avoid blame.,"Be ready with: what you stopped doing, what you automated, what you measured.","Strong if you show prevention, not heroics.",Incidents down; MTTR improved; roadmap stabilized.,Operational leadership,On-call showed recurring incidents in {service}.,Stop the churn without slowing roadmap.,ownership; reliability; bias for action
Tell me about a time you made an unpopular decision,Presented risk matrix; proposed reversible alternative; ran a time-boxed experiment; communicated decision transparently; committed to execution.,"Amazon: Have Backbone; Atlassian: open company, no bullshit.",Avoid 'because I said so'; show data and empathy.,Quantify the downside avoided; show you listened.,End with what you learned about influencing.,Outcome improved; team later adopted the decision framework.,Judgment under pressure,Team wanted {quick fix} that risked long-term cost.,Choose the right tradeoff under time pressure.,courage; decision quality
Tell me about a time you handled an ethical dilemma,Raised concern; documented risk; proposed compliant alternative; involved security/legal when needed; ensured no retaliation for raising issue.,Uber: do the right thing; Microsoft: integrity/accountability.,State the principle clearly; do not be vague.,Explain escalation path and how you protected users.,Keep details sanitized; focus on decision framework.,Correct approach adopted; trust increased; no compliance risk.,Ethics,Found a shortcut that could inflate metrics or violate policy.,Choose integrity over convenience.,integrity; accountability
Tell me about a time you mentored someone to success,Set weekly goals; paired on tasks; gave specific feedback; created safe space; gradually increased ownership; celebrated progress.,Microsoft: model-coach-care; Google: collaboration.,Avoid making them look incompetent.,Share what you changed in your style based on their needs.,"Highlight their growth, not your heroism.",They shipped independently; team throughput improved.,People leadership,A teammate struggled with {skill} and confidence.,Help them level up while meeting delivery needs.,coaching; empathy; growth mindset
Cross-functional conflict (Eng vs Product vs Design),Unified success metric; wrote PRD-lite; facilitated tradeoff workshop; defined MVP; tracked decisions in a single doc.,Atlassian: play as a team + customer; Amazon: Earn Trust.,Avoid 'PM was wrong'; focus on alignment.,Be ready with stakeholder map + how you communicated progress.,Show that you can translate between functions.,Alignment reached; shipped MVP; reduced churn.,XFN leadership,Roadmap disagreement risked delay.,Align stakeholders on goals and constraints.,collaboration; customer focus
Tell me about a time you improved a process (not just code),Introduced review SLA + templates; added CI checks; reduced flaky tests; created dashboard; ran retros.,Amazon: Invent and Simplify; Atlassian: be the change.,Avoid process for process sake.,Provide before/after numbers and rollout strategy.,"Show adoption, not just proposal.",Cycle time down; quality stable or improved.,Operational excellence,PR reviews or deploys were slow and inconsistent.,Increase speed without quality loss.,systems thinking; ownership
Handling incomplete data (decision with uncertainty),Defined leading indicators; shipped feature flag; ran A/B with stop criteria; monitored; rolled forward or back.,Google: structured experimentation; Amazon: Dive Deep.,Avoid fake certainty.,Explain how you chose metrics and sample size logic.,Say what would change your mind.,Decision validated; prevented costly lock-in.,Ambiguity + analytics,Needed to choose between {Option A/B} without perfect data.,Make a reversible decision with guardrails.,judgment; data sense
Tell me about a time you raised the bar on quality,Added property-based tests for core logic; improved code review checklist; introduced canary + rollback automation.,Amazon: Insist on Highest Standards; Microsoft: customer obsessed.,Avoid gold-plating.,Share one example of a bug class eliminated.,Tie to customer pain.,Escaped defects down; confidence up.,Standards,Bugs/edge cases kept escaping to production.,Increase quality gates pragmatically.,high standards; craftsmanship
Tell me about a time you dealt with underperformance,Clarified expectations; agreed on a support plan; provided specific feedback; reduced scope; paired; escalated only if no improvement.,Microsoft: care + accountability; Atlassian: open but kind.,Avoid gossip; avoid vague feedback.,Be ready with how you documented and avoided bias.,Keep it factual and supportive.,Either performance improved or transition handled professionally.,Leadership + fairness,A teammate missed commitments repeatedly.,Improve outcome while respecting the person.,candor; empathy; accountability
Tell me about a time you recovered from a major setback,Postmortem; restarted with smaller milestone; aligned stakeholders; shipped incremental wins; communicated transparently.,Microsoft: learn-it-all; Amazon: Deliver Results.,Avoid victim narrative.,Explain what you changed in planning and risk management.,End with concrete habit changes.,Delivered value; regained trust; learned repeatable playbook.,Resilience,Project failed initial launch or was deprioritized.,Rebuild credibility and deliver value.,resilience; growth mindset